sex;educate;income;involve;school;teach;accept;achieve;CITO
2;3,82868; ;4,252586; ; ;,23564;4,137471; 
1;3,506269; ; ; ;3,859961; ; ; 
2;3,419582; ; ; ; ; ;4,253438; 
1;3,399419;3,216311;2,843649; ;3,751814;1,973952;3,779685; 
1;3,300946;3,523414;4,583312; ; ;2,18626;4,370501;4,940506
1;3,278349;4,25348; ; ; ;,397138;4,723558;4,555842
2;3,129992;4,82877; ; ; ;2,828569;3,220754;3,837324
1;3,015207;3,727972;4,517379; ;3,235958;,869493;4,37045;4,814498
2;2,712779;3,204774;4,079841; ; ;1,458925;3,313934;4,268819
2;2,544803; ; ; ; ; ;3,511985; 
2;2,515189;4,229371;4,894513; ; ;2,161935;2,606787; 
2;2,324216;4,845291; ; ; ; ; ; 
2;2,309189;2,063584;3,446979; ;3,923012;,824243;2,519853;4,922189
2;2,282944; ; ; ; ;2,36697;3,489973;4,161004
1;2,150483;3,10409;2,653925; ; ;2,138067;3,23765;4,85922
2;2,088205; ; ; ; ;,775676;4,040187; 
1;1,891528;4,318062; ; ; ;,225252; ;4,586753
2;1,77186; ; ; ; ;2,168866;3,391401; 
2;1,717105;3,950445;3,685913; ; ;3,08614;1,985069; 
2;1,590854;3,532354;1,923945; ; ;1,365993;2,888474;1,850015
2;,790839;3,689786;3,266975; ; ;1,591829;2,976681;3,977771
2;,499544;4,814403; ; ; ;3,926852;3,738679; 
1; ;4,710582;4,438897; ; ;1,862814; ; 
2; ;4,78527;4,13183; ; ;-,191575;2,758388;4,565109
1;2,025593;-,157466;-1,298901;-3,93111;-3,385261;-2,039432;-1,917269;-2,714278
1;3,65471;-1,769526;-1,59425;-3,782878;-1,687839;1,077458;-2,184551;-3,547602
2;2,45;-2,800151;-1,286803;-3,77124;-3,591538;-,074834;,277201;-3,042461
2;,276637;-,912438;-1,354588;-3,516357;-3,423369;-,226493;1,027592;-3,452288
2;2,360302;-1,701969;-,428637;-3,277502;-1,511382;-3,291655;1,315816;-1,928821
2;2,495613;-1,000825;-,543705;-2,921005;-1,521007;,984524;,502175;-1,318088
2;-,592605;-,773762;-2,538046;-2,844749;-2,825992;,942152;,593242;-2,550355
2;,821024;1,609821;-,326107;-2,802615;-,709301;,50527;1,171104;,87673
1;2,314535;-2,826934;-2,68431;-2,797598;-3,490662;-4,642335;-2,202965;-2,873453
1;-,009616;-1,82644;-1,49838;-2,566608;-1,735338;-2,004048;-1,175026;-,010691
1;,712624;-2,028683;-1,729542;-2,420233;-2,075044;-1,246097;-1,880232;-3,51002
2;1,180925;-,741886;-1,797308;-2,350388;-4,125311;-,402661;,613772;-1,478611
2;1,499702;-,402335;-,95211;-2,343513;-2,293136;-2,175744;,368261;-3,635638
2;2,752223;1,567233;2,629538;-2,296873;-,051963;-,949439;,81811;-1,581303
1;1,963306;-1,290641;,15695;-2,068113;-2,455341;-,914951;-,789547;-1,541124
2;2,308995;2,146664;2,337448;-2,009343;-,256329;,047527;2,559664;-,334447
2;1,484075;-1,536984;-1,51067;-1,9537;-,947618;-,48459;-,054204;-2,164249
2;,692021;-2,199564;,215759;-1,924083;-1,754079;-,975989;1,277905;-1,985447
1;1,255547;-,090862;,587508;-1,904736;-2,854349;-,677919;-1,097082;-2,60098
2;,866176;-,495301;-,967126;-1,895295;-2,050559;-2,063351;,446642;-3,509117
2;-,866402;-1,609702;-2,28569;-1,878332;-1,799455;-1,082944;-,988219;-2,359036
2;2,311398;-1,060159;-,25197;-1,869192;-1,457741;-1,648624;1,305313;-1,119125
1;,710199;,710304;-,395304;-1,84342;-2,191913;-1,144116;,071007;-,944354
2;1,211365;-,656537;,534718;-1,83881;-1,671069;,784154;1,733323;-1,274126
1;1,287564;-,264405;-1,533398;-1,832075;-,996265;,52353;-1,367902;-,054433
1;2,679503;,919808;,946855;-1,787761;-,174164;3,149364;2,153457;-,650574
2;2,891882;,536311;-1,901597;-1,765841;-2,100684;-1,235838;1,106908;-2,088486
1;,726755;,626084;,176798;-1,762707;-,201191;-,041374;,05717;-2,179421
2;1,324845;-,483586;-,35435;-1,734588;-1,421327;-,853683;1,151744;-1,050437
2;2,890295;1,273294;,477447;-1,697705;-1,916753;-1,361797;2,198648;-1,019262
1;2,337328;,27645;-,936174;-1,697049;-,737361;-1,448671;,34716;-1,566372
2;,301443;-,401075;-,008933;-1,664089;-,242428;,452014;,647725;-,252885
2;2,832599;-,550961;-,070268;-1,654781;-2,502152;1,455543;1,881697;-1,670154
1;2,646059;,032137;,359097;-1,641287;-1,480219;-2,032849;-,073145;-2,000956
1;1,597681;,964685;,302201;-1,631278;-1,758922;-,882284;-,843987;-1,061496
1;3,220699;-,387087;,849369;-1,627488;-,735461;-,27728;-,807727;-1,744592
1;,808314;1,499125;,334886;-1,614918;-2,223047;,659181;1,862182;-,815647
2;,188395;-,360982;1,5023;-1,602654;-2,896979;,537228;,096029;-3,089284
2;1,447424;,87215;-1,036938;-1,510522;-1,780442;-,942381;,304265;-1,787964
2;1,586555;-,077963;-,566278;-1,416145;,284122;,130829;1,159177;-,56941
1;2,127764;,184759;-,611057;-1,413587;-,202125;-,510709;,284406;-1,110368
1;,723508;1,694585;2,573797;-1,399247;,258361; ;1,862604;,153418
2;-1,223144;-,312894;,779107;-1,366807;-,586996;,257198;1,487112;-,738104
1;,343421;-,16075;-,143495;-1,323338;-,790769;-,088578;-,127247;-,268217
2;1,411174;,76879;,960912;-1,319039;-,402311;-,37639;2,721252;-,619
2;1,390576;-,331537;-,668542;-1,238983;-1,555818;1,783568;,971424;-1,420677
2;1,429677;,667267;1,249835;-1,23118;,602631;-1,005547;1,348125;-,587526
1;1,560708;-2,236672;-,571741;-1,218181;-1,458345;,687584;-,677952;-,529385
1;1,283794;-,737929;,114022;-1,198435;-1,110024;,209141;-,45883;-,804556
1;1,370347;-,35335;-,79604;-1,192402;-1,019794;,271191;-,501942;-,523626
2;1,775895;-1,136877;-,730322;-1,170322;-,032295;-,887689;1,529933;-1,669962
1;2,084912;-,378009;1,238201;-1,167052;-,406562;-,234119;-,252093;-,665916
1;3,018841;2,242133;2,862509;-1,15251;,359087;-1,212813;2,966041;,602314
1;2,947152;-1,813117;-,508025;-1,127537;-,506877;-1,541679;-2,223028;-1,547433
1;,25538;,000253;-,07456;-1,074259;-,931081;1,124155;-1,048863;,073224
2;1,584895;2,213807;2,280521;-1,073682;-,094857;-,248754;3,731981;-,663116
1;,483653;,460212;,536959;-1,068341;-2,251478;,785402;-,552945;-1,476763
1;2,30405;,729297;1,334883;-1,059171;-2,179603;-1,534521;1,793688;-1,187642
1;,94522;-2,301065;-1,316312;-1,045197;-2,015417;,961342;-,695283;-2,278046
2;,817194;1,555402;1,041166;-1,038586;1,545405;2,673207;1,624351;1,348416
1;,090724;-,020717;,544169;-1,0348;,284093;,396452;,737719;-1,297556
2;3,543923;,66722;-,20633;-1,019851;-,457923;,178449;2,534672;-1,251342
1;1,59389;-1,334832;-,312943;-1,018374;-1,545323;-,951216;-,646215;-,858186
1;1,836702;-,538692;,216929;-1,013725;-,265799;,042144;-,156111;-,530065
2;-,80173;,943369;-1,434434;-,985925;,210723;1,289491;2,560184;,269201
2;1,063716;1,553592;,364426;-,985734;-1,293147;-2,329733;1,396688;,725416
2;1,044062;-1,28309;-2,40101;-,953545;-1,413179;-,843543;-,957416;-2,209751
2;-,463185;1,212663;1,008645;-,946309;-,119363;,150929;,819022;-,815364
1;1,948797;-,10923;-,441316;-,909762;-2,041817;-,809066;,868366;-1,35241
1;1,801138;1,491893;1,193619;-,906572;-1,543163;-,761702;,376761;-1,266212
1;3,161007;2,386999;3,119183;-,891663;-,353094;3,74054;3,249794;1,286536
2;2,263546;-1,26204;-1,328711;-,888656;-,640932;-,613181;,620486;,210441
1;1,521898;,265002;-,531456;-,877335;-2,451824;,314018;-,214761;-1,631139
2;3,252873;,642571;,880757;-,865172;-,115791;-,508089;1,025145;,113267
1;1,710034;3,37317;1,480321;-,831398;-,773929;2,85378;2,626345;-1,211397
2;1,898036;,491552;,528477;-,829956;-2,551102;,615397;1,810768;-2,767271
1;,518215;-,488681;,034314;-,821018;,011921;-,206529;-,771689;,096334
2;3,074707;-,101882;1,474684;-,793129;-1,314293;-1,113441;1,130316;-1,626674
1;3,552543;-1,161763;-,100549;-,779811;-2,43278;-1,351928;-,893971;,128211
1;3,253502;1,329203;,606103;-,772602;-2,737825;-1,787214;,023307;-2,29882
2;2,281553;2,961938;2,729462;-,770538;-1,01441;,46235;,845204;,196611
2;2,419229;-1,31476;-1,56785;-,761512;-1,056376;-,394959;-,211078;-,920123
1;,246828;-,533768;1,194657;-,758732;-1,388403;-,817488;,533605;-,553857
1;2,689391;1,244621;-,75671;-,752463;-,677978;,255021;,732847;-,840143
1;2,615435;-1,278429;-1,037851;-,716913;-2,025562;-,205984;-1,430129;-,311361
2;1,511978;1,245807;-,12936;-,661039;,365621;-1,263704;1,504078;,416115
1;2,886034;,855886;1,220843;-,654245;-1,14976;-2,073701;,528253;,299514
1;2,148649;,183924;1,632448;-,654121;,828516;1,082021;1,921069;-,643284
2;1,974098;,980645;2,589526;-,648355;-,729227;-,20611;1,431814;-1,558963
1;,5073;-1,488418;,366928;-,630596;1,832393;,562454;-,439082;,046132
2;2,602632;3,060865;1,861495;-,614118;-,075146;-1,48063;2,001461;-,729946
2;3,146572;1,396596;2,137731;-,604543;,663892;1,596234;2,331849;,038153
1;,978639;-1,35735;,834972;-,602903;,497563;,266577;,52206;-1,343127
1;,375153;-,195005;,058086;-,594806;-2,330625;1,101149;,018894;-1,225211
1;-,057391;-1,456469;-2,215891;-,583983;-,961352;-,632779;-2,110732;-2,451221
1;3,01113;3,718109;2,378649;-,563963;-1,007796;1,668917;1,154175;-,410854
1;3,037194;1,204945;1,282088;-,563686;,149902;,826927;1,360685;-,462791
1;2,10146;,753437;-1,512649;-,561166;,130554;,006737;-,263598;-,261803
2;,790367;3,064925;1,069593;-,560061;,685504;1,057705;1,037042;,241722
2;1,559312;1,418264;,299825;-,553686;-1,661105;1,322866;1,687845;-,915
1;3,747627;2,697176;3,527635;-,544044;1,119844;,037136;2,77111;-,71207
1;2,160015;-,413964;-,4243;-,530425;-,314664;-1,697999;2,38371;1,184961
1;1,643649;,87179;2,166479;-,525389;-,38445;,31627;-,018875;-,357542
1;,458139;1,826456;2,384374;-,52193;,994772;1,455711;1,155953;-,728524
2;2,398862;1,43482;-,109081;-,511882;-,370003;1,389513;1,721921;,048626
2;1,841121;,97148;1,999391;-,507767;,810114;,038118;1,622722;-1,734679
2;,66024;,40741;,066668;-,507503;-,281467;1,12038;2,032833;-,527487
1;,99068;-2,075134;-1,618798;-,487658;-1,731065;-1,877115;-1,832046;-,597644
1;2,720109;1,408299;,430175;-,484396;-,239853;-,852871;1,280538;-,532145
2;1,668643;1,335728;1,849961;-,480167;-,346233;-,943738;2,042922;1,014287
2;-1,022941;-2,74426;-2,776793;-,477085;-,742116;,929568;-1,101003;,125836
1;1,697948;1,94291;,849583;-,461511;1,182115;2,063133;1,396815;,841769
2;1,632226;-,157218;-,135934;-,458892;-,091576;-,280986;,859409;-,236724
1;1,29164;,078844;1,455193;-,451724;,266698;1,631562;,786606;,157337
2;1,072027;1,264113;3,105675;-,447988;2,772117;,763685;2,342991;1,67343
1;2,403536;1,831158;1,878321;-,433952;,199015;-,051926;,579281;-,541511
1;2,222398;-2,456267;-,755636;-,432845;-,316676;-,879921;-,645614;,430444
2;,385192;-,201506;,827684;-,42694;-,392267;-1,741806;1,467022;1,243373
1;1,187125;-1,428444;-1,565311;-,421844;-1,600303;-2,186767;-,835622;-,63005
2;2,413293;2,583815;2,381583;-,415527;-,749972;-,244304;2,682918;-2,115909
2;1,428691;,187138;,224038;-,392529;-,368741;,498765;2,398328;-,238293
1;,692956;1,05089;1,90067;-,388877;,30443;,469071;,495992;1,014343
2;-,08834;2,07105;1,821313;-,378719;1,953412;2,212537;1,113309;,819161
2;-,018838;-1,600702;,310934;-,377635;,70388;-,674859;1,067867;1,40566
1;3,6137;1,139947;1,180511;-,367476;,040499;1,924397;,992275;-1,59911
2;2,21148;1,381762;1,886777;-,358865;-,410953;,011227;1,455756;2,071631
2;2,250281;1,333193;1,406186;-,35235;,301969;2,153888;1,845126;,22995
1;3,346703;1,455278;,05489;-,343452;,041834;2,605783;1,161978;,412462
1;2,901291;1,304999;,805805;-,325877;1,393369;,639261;1,207225;-,360089
2;1,305956;-,496917;-,434093;-,277328;-,396854;1,049374;,671412;-2,156266
1;2,294462;1,423402;1,278035;-,269986;-,174363;-1,612466;,385211;-,205457
2;,911799;1,398921;,976885;-,261164;-,172881;-1,0623;1,357734;,499456
2;2,587727;1,311078;1,987619;-,254772;,244491;,132017;1,912246;,190935
2;,916923;-,376529;1,013246;-,244372;-,747485;,970946;,997877;-1,937235
1;1,215834;-,984431;-1,084413;-,239794;1,182074;-1,913268;-1,641838;-,879895
1;1,030312;,068421;-,22301;-,227304;-,208902;,156819;-1,906709;-,329321
2;,386832;1,020684;,527707;-,181792;,898102;1,200506;2,283558;1,305522
2;2,130957;-,736768;-,06055;-,17896;-,120761;1,607339;2,284463;-1,390657
1;1,295316;,108109;1,411925;-,178265;,377295;,101919;-,137867;1,349182
2;1,054736;,279838;,454376;-,171875;-,767941;-1,725747;1,569976;-,178237
2;1,39928;1,0468;1,607055;-,148073;,830363;-,176743;1,638298;,712247
1;1,697435;1,146509;,386412;-,146101;1,522468;-,090688;1,805287;-1,022749
1;,879428;2,050451;1,174923;-,107819;-,266201;,708683;,168271;1,480503
1;2,896576;-,227028;1,011373;-,099138;-,622555;-2,232632;-,330061;-,152557
2;1,275332;-1,134517;-,267506;-,089608;,578608;-,572019;,7348;1,121002
1;2,04836;,651843;1,048022;-,087184;,903231;2,203273;,692646;-,176534
1;1,149892;,500061;,223963;-,073632;-,29831;1,781094;,386634;,296777
2;,640305;-,050011;-1,275543;-,066682;-1,659328;,286163;,468949;-,83839
1;1,705541;-,580179;,575468;-,065305;-,365065;-1,081356;-,169375;1,47328
2;1,459753;4,819279;3,673869;-,057069;1,435821;2,782652;3,26863;,722956
1;,569231;-,06204;-,153113;-,0563;-,806904;,240035;,754742;,067358
1;1,922168;2,254909;1,519322;-,053;-,246257;,177214;2,444341;-,431038
2;2,940449;,314123;2,131449;-,052717;-,457976;-1,461408;1,722995;,763397
2;2,360094;1,249134;1,257706;-,037805;,508481;1,110096;2,298428;-,250562
2;1,307582;1,624541;2,190777;-,035765;,496063;2,470079;,265144;,705683
1;3,507907;2,838041;,99357;-,033213;,502893;-1,67392;2,038801;-,375245
2;1,646771;-,159384;1,492101;-,03092;,112974;2,019777;,636888;-,460517
1;3,235469;3,891657;4,330261;-,016411;1,625585;2,657298;3,25954;1,543279
1;1,886399;-,715932;-,555525;-,014322;,065967;1,549389;,194882;-1,216321
1;3,247069;2,871067;1,188649;-,009931;-,329504;1,0134;1,156479;-,419993
1;1,829719;1,109019;-2,360168;,011332;,649804;-1,486806;,733334;-,138382
1;3,363474;3,008471;1,667441;,025932;,670687;1,990867;1,931754;,728505
2;1,562506;1,635338;1,070818;,034365;-,236932;-,828102;1,935953;1,555367
1;,923363;2,121668;1,447443;,039283;-,348771;,925361;2,167408;,596636
2;1,877576;3,238757;3,412276;,041089;-,271894;,347482;1,918063;-,007889
2;,624534;1,505768;,341655;,048765;,866725;-,651306;2,169398;-1,526368
2;1,652674;,259659;1,421659;,049178;-,177497;-,991188;,564757;-,373588
1;1,765135;-1,106182;-,77318;,050013;-1,588273;1,714185;-,447472;-,148824
2;1,927276;-,960352;-,444025;,050973;-1,320465;-1,122066;-,200828;-1,494433
1;,837977;1,498155;2,355078;,051289;-1,494215;-1,053404;2,076194;,210632
1;3,796848;2,179768;2,214242;,052407;-,352776;-,047904;1,420461;-,805507
2;2,957075;2,540253;3,623467;,067877;-,416044;2,189361;2,749995;,301938
2;1,791505;,127195;-,82825;,072673;-1,34054;1,37046;1,247067;-,453315
2;,69966;,01884;,010875;,088517;-,040265;2,614224;1,636852;-,335572
1; ;3,171468;1,926617;,090955;,101028;,893536;4,671804;,249906
2;1,469786;,920367;1,575046;,091828;,293722;1,703529;1,063659;-,724077
2;,465046;,512014;,383088;,095571;,893869;,388311;1,239163;,21066
2;3,200674;1,177367;2,600393;,098207;,356593;,538275;1,976258;,421821
2;2,009138;-1,464794;-,102564;,110138;,514702;1,153172;,174477;1,103989
1;2,675131;-,580289;-,064106;,111022;,756878;1,543601;1,041477;-,873333
1;2,752875;1,021754;1,518586;,113818;1,054251;1,228173;,529808;,227433
1;,380113;,440716;,933365;,119858;-,095397;1,43232;,045385;,108454
2;3,685942;2,428968;2,625204;,128637;,28598;,946825;3,292762;1,552076
2;,169906;,545376;,95401;,128815;,915533;1,813768;1,537076;1,639701
1;1,588623;-1,091624;-1,543832;,137804;-,843807;-2,069571;-,531034;-1,608066
2;3,430806;1,082691;1,071754;,139401;,864149;,412122;,918001;,622152
1;3,262019;1,706334;2,243833;,141116;,616983;1,851376;2,876532;,273633
1;3,43615;1,249028;1,35394;,164409;-,016668;-,829379;3,962509;,546603
2;-,814606;,141868;,343156;,165438;-,160605;,525517;,7987;,345808
2;3,700073;,116562;1,687903;,173773;,71212;,996233;2,803836;1,415839
1;2,154325;2,582382;1,727043;,178241;-1,22857;-,061808;2,678759;-,392674
2;1,439614;1,142543;1,031201;,184968;1,017993;-,520231;1,872322;-,182944
2;,19945;,650433;-,140719;,18591;-,011268;,624721;1,292082;-1,218557
1;2,387626;-,734834;1,323642;,188182;,180053;1,93069;1,601256;,247527
1;1,723985;3,978758;2,965967;,189632;,898692;-,061695;3,559174;1,396068
2;2,146091;3,811871;3,342649;,191585;,346743;,96831;1,742617;,68817
1;2,953831;2,415525;2,25641;,206004;,115987;3,152316;3,597848;,985818
1;1,646678;-,516085;-2,16265;,215004;-1,312852;-1,161504;-1,442237;,26324
2;1,919121;1,724959;3,956225;,244478;,527871;1,262928;1,439478;1,094692
2;1,832525;2,344686;1,797499;,249596;,928515;2,947878;2,624395;1,652766
2;2,823391;1,021513;1,88723;,250033;-,575142;,224751;2,555068;2,459091
2;2,829442;,18365;,715685;,255852;-,377008;,394143;,246927;,602752
2;1,547064;-,044586;1,488101;,257647;1,33266;-,008685;,710207;2,017566
1;3,370848;,801489;-,098416;,267841;-,700706;-1,082013;-,816799;,385191
2;2,969306;1,166493;1,399179;,279331;,617251;1,57516;2,220178;-,335551
2;1,258309;,406723;2,473186;,287723;-,849262;,95655;,713539;,524086
2;2,837807;2,320107;2,135879;,296799;1,016662;-1,596073;2,180453;1,053273
1;2,18026;2,056564;1,879876;,307859;,031542;,670831;1,353534;,961303
1;3,177455;1,668036;,336122;,311528;-,500439;,183004;-,254589;1,349345
1;2,736497;3,479047;3,387191;,328847;,225195;3,358759;3,000994;1,897457
2;1,11876;1,689834;,817188;,343665;,512603;-1,027177;2,565374;1,372753
2;3,724801;-1,613674;-1,633292;,35488;,372057;-1,451415;,916134;-1,424982
2;1,539341;,469672;,728453;,367216;,774966;,552485;1,408424;-,154879
2;1,747326;-,004973;,344653;,379746;-,37038;,443404;1,359708;,145225
2;2,000483;,692629;1,158871;,380814;,012996;,688361;,415472;1,232015
1;1,7213;,649155;-1,477123;,385741;,760618;1,103625;,16195;,297988
1;2,389126;-2,21596;-,352461;,412739;-,352001;-,90205;-,759133;1,204743
1;,810316;1,35532;1,603466;,41428;,095158;2,092286;1,858365;1,371395
1; ;1,558399;,727345;,419766;-,094743;-1,255122;1,227686;-,653205
1;,167363;3,174526;3,618234;,420312;,558006;,351068;3,440615;-,001296
1;1,261033;2,233611;2,776744;,429522;,218825;1,469287;2,529197;,685002
1;1,175517;1,47137;2,562961;,43148;,523916;,505433;2,160479;-,389518
1;,376497;,257385;1,105583;,4339;-1,434065;1,03601;-,681719;,079297
2;1,901151;,962556;3,290911;,446438;,960179;1,07687;1,879113;-,391663
1;2,548942;,84293;,640191;,456702;-,900662;-1,936582;1,923517;,130223
2;-,837946;,275199;-,416986;,463592;,379959;1,369469;2,571043;1,171309
2;1,141812;1,834539;2,447955;,465573;1,628078;1,836852;1,56808;1,627166
1;1,418871;-,982063;,471396;,465674;,50837;,477311;-,647684;-,331201
2;1,145398;1,530625;2,509274;,473094;1,467924;1,095839;1,454563;,606041
2;1,050088;1,221806;2,572231;,483277;1,12807;2,12539;2,545879;,011105
2;,809746;2,650476;1,149484;,48959;,849242;1,558149;1,610938;,430388
1;3,360392;2,697247;3,725588;,492143;1,063405;,121818;1,675096;1,898775
1;1,294848;2,274199;1,175674;,497041;1,208235;-,639172;1,830968;,094298
1;1,450423;-,638303;-,424809;,497142;-,503174;-1,301902;-,326775;2,279801
1;3,651195;4,453238;3,784591;,503139;1,892916;1,28218;4,896815;1,899198
2; ;3,17414;1,536893;,516841;,775327;,022218;2,209031;-,347067
1;2,558656;,135477;2,945354;,525078;,173019;-,346754;,883453;-,62378
2;1,631094;-,419333;,108417;,546378;1,205788;1,576877;,378177;1,120486
2;2,787882;2,7626;2,06046;,559635;1,824668;1,042972;1,995822;1,268459
1; ;2,657764;1,848411;,567821;,061629;,351145;2,335307;,724857
1;2,569363;2,699163;1,335129;,574801;2,968606;,568444;3,37528;-,013417
2;3,03457;,796275;,909651;,608203;-,262943;-,443667;1,844051;,836928
1;,356684;-,390837;-,646797;,614611;1,393281;,784294;-,550244;-,430566
1;,919838;,064132;-,417981;,631673;-,340394;,519926;,682867;,074295
1;2,393945;-1,075402;-,085283;,631985;2,048592;-,345395;,313871;,865806
2;2,979985;1,788174;2,922086;,636774;,95044;1,570447;2,653963;-,731384
2;1,697409;-1,332815;-1,540703;,63866;1,83328;-2,625122;,266159;,484713
2;2,826747;,923858;,595987;,640643;-1,179796;1,004868;,610059;-1,233869
2;2,742782;1,6667;1,368763;,645883;-,321729;,813937;1,317166;1,387784
1;3,261773;1,648797;2,77306;,660115;,364803;2,028754;2,599822;1,160596
1;2,435271;2,039212;1,612814;,661098;2,241604;-,16169;,68307;1,976092
2;-,108933;-,953023;-,149305;,674049;1,070198;1,543502;-,026252;,737133
1;1,38146;2,177544;,706987;,679204;2,450116;1,35534;1,310199;,320988
2;,569505;1,186451;,844453;,679224;-1,127226;,714655;2,29166;-,581575
1;2,101383;,187763;-,745874;,687327;-,161192;-1,105622;,692356;-,385227
1;2,332261;2,728861;2,323611;,699573;,458752;1,356608;3,157881;,639475
2;2,443508;,600837;1,706841;,703375;2,808794;1,039764;2,12843;1,051725
2;2,112711;-,212983;,71795;,704786;-1,257916;-,931329;1,066766;,905109
2;2,39244;-1,116742;-,149313;,705154;-,449358;-,685115;,337236;1,232361
2;1,701675;2,408035;1,431142;,711973;,309211;3,232414;2,222027;1,033373
2;2,46621;1,305056;2,907429;,713591;,939175;-3,00031;1,677199;,835866
2;1,3835;1,425779;1,099083;,72101;-,230065;,684206;,937832;,065407
2;1,312047;2,256485;2,287015;,721225;1,176841;,181742;2,919705;,653731
2;1,687328;-,492029;,009762;,722185;1,034501;,250715;,243099;,463764
1;1,534174;1,339908;1,977192;,725235;1,298707;-1,253378;,932599;1,231819
1;1,129968;2,311419;1,131793;,738679;1,31071;-,70198;,640256;,892293
1;3,351962;1,86609;1,572635;,743941;1,352914;-,569901;,543397;1,507151
2;2,920928;2,169606;,30136;,755576;1,850659;1,302964;1,97546;1,309748
2;2,99121;4,248098;4,227673;,755855;,953493;,485337;1,517711;1,627109
1;,343908;,840339;,678037;,761684;,217612;1,154673;,584893;,4637
1;1,017775;3,026293;1,447105;,763831;1,844992;1,953715;1,521332;,323898
2;2,18024;-,167259;,956173;,770231;,492413;-,866384;1,95351;-,580696
2;2,66976;2,540258;2,214855;,784275;1,029487;-,570238;1,867627;-,256384
2;,18448;1,026758;1,861395;,801061;1,942845;1,004673;2,386418;,368796
1;1,383098;-,209501;,65039;,807597;1,923409;,489063;1,049948;1,989364
1; ;1,867909;3,892091;,809255;2,08346;1,220695;3,519193;2,068191
2;2,037677;,360771;,336954;,8264;,747674;-,714598;1,882058;-,841683
2;3,782962;2,059127;-1,075523;,833548;-,788145;-2,572303;2,264054;,386047
1;,608754;2,094562;1,845229;,838179;2,324178;-1,211816;1,319993;1,881302
1;-,596535;1,953555;2,183459;,841898;3,534451;2,390414;2,725673;2,193305
2;1,655345;,986458;3,892507;,856876;1,32097;-,249143;2,569758;2,102973
2;1,742364;,117546;,212135;,877353;,060525;,688419;1,224708;,636126
2;2,724196;1,404755;2,521487;,911996;1,427176;,427449;1,791558;-,101373
2;1,835515;,447587;,181522;,929262;,613822;,830451;1,20432;-,072105
2;,925792;-,130593;-,50574;,930366;1,334999;,513375;,425218;,984264
1;,76796;,833378;,854363;,938666;1,752954;,265843;,174128;2,02996
2;2,44231;1,580103;1,955505;,942895;1,487807;1,005661;,877538;-,587794
1;1,834633;1,682509;,864754;,945569;3,542407;,93611;2,392771;1,392116
1;2,152641;1,232195;2,903281;,958612;1,959663;3,877393;1,883584;,809178
2;,182455;1,980123;,56479;,960675;-,302369;,614013;1,924859;1,716103
1;1,881623;2,311645;1,925746;,964881;2,132981;,185054;3,236799;3,852186
2;,637699;,678314;1,220542;,965772;,220525;,823091;1,202369;1,153825
1;,730755;-1,10062;-1,484413;,968985;1,933872;-,94072;-1,098488;,507985
1;1,128922;,416985;3,031273;,986815;-,56295;,162944;,67339;,090469
1;,60597;-,552701;,489261;1,002203;,292892;,023051;1,391232;2,313052
2;2,13441;1,713132;1,199044;1,009544;1,73324;,906447;2,248076;,471618
1;1,758983;,697033;1,900863;1,016663;1,43742;,948396;1,858382;-1,378519
1;2,373548;1,428875;1,17073;1,028221;-,107973;1,488068;-,219768;1,158587
2;,925043;,327892;,846681;1,034924;,509289;,074818;,783954;-,831015
1;,980785;,100467;1,629143;1,043274;1,571548;,914544;,444976;1,895338
1;1,605887;2,74065;2,595978;1,045223;1,416582;1,742251;1,680821;,721016
2;2,190761;,497353;1,219238;1,04729;2,053557;,727088;1,514581;,808011
1;2,479935;2,956204;3,482487;1,058935;,821425;-,073017;3,518087;,848147
2;1,620753;1,624355;-,287698;1,069428;,414265;,042108;,410652;,454645
1;2,287655;3,935999;1,952356;1,072637;-,310772;,857038;2,339808;,131228
2;,893488;1,352007;3,720372;1,07307;1,932999;,609679;2,227795;,090099
2;,219195;1,642483;1,561566;1,081535;1,963772;1,017265;2,179936;-,065938
2;1,45505;,306733;1,029242;1,087932;,198633;,562851;3,079383;,299284
1;1,951594;4,446045;2,438896;1,115749;-,183218;,424355;1,822592;,97403
2;3,228347;3,858103;2,891647;1,116032;1,751167;1,488202;2,341273;,859981
2;1,513821;,671529;1,036037;1,123928;1,783702;2,361285;1,700472;1,204405
2;1,980168;,820458;1,007878;1,134075;-,064794;,892388;,031067;,742354
1;2,092867;1,72289;1,346464;1,149293;,252271;2,286631;1,615399;1,945507
1; ;1,517489;2,391205;1,156353;1,958439;1,013977;2,126149;2,337794
2;1,307408;1,168884;1,355273;1,160119;2,168222;,761536;,387282;,471087
2;2,276106;,499122;-,236344;1,160887;-,125109;,729227;,698348;1,285256
1;2,479822;3,519625;2,561474;1,16962;1,58409;1,361107;3,2425;,986903
1;2,742509;1,253896;-,048889;1,172781;-,148089;-,525861;,877257;-,337807
2;2,51719;1,672065;1,136599;1,17488;,834798;,559984;,082881;1,561596
2; ;2,396904;3,700853;1,178566;1,44627;2,1078;3,739057;2,144663
2;,587184;-,525909;-,747613;1,184667;,957242;2,112315;1,803028;2,812688
2;2,70173;2,13043;,21836;1,192698;-,222395;1,006305;1,765733;2,164334
1;2,405464;4,016464;4,346076;1,204014;3,259086;3,292561;2,737775;2,639653
2;2,027414;1,923442;1,539275;1,210446;2,374081;,788944;1,358049;2,714248
1;2,179086;2,723351;2,010878;1,211871;1,727167;1,69034;2,634738;,329852
2;3,646671;,228819;-,266264;1,216616;1,162441;,052859;1,450092;2,106057
1;2,686745;,629585;,300966;1,220976;1,828075;-2,415979;1,892349;,049328
1;1,218514;2,91266;2,992127;1,227923;2,053409;1,148375;2,826687;1,819931
1;3,644588;,515632;1,611059;1,229607;,60424;-1,000311;1,021637;-,11382
1;3,53176;3,921927;3,376609;1,235517;,769877;-,701848;2,397948;,28684
2;3,652266;2,480688;3,369415;1,240294;3,277806;2,230354;2,09691;2,608568
2;1,773773;-,195813;,960368;1,240369;2,200613;2,37064;,994505;1,695991
2;2,252906;-,627861;,029456;1,240709;1,478774;-1,864811;,615172;1,490992
1;1,992892;-,565393;1,650597;1,254763;1,281671;-,064593;1,584964;1,102621
1;,951901;,579641;,545307;1,266385;1,194331;1,595625;2,076103;-,037554
2;2,531729;1,005906;1,588955;1,272406;2,650997;1,144996;2,069086;,458902
2;2,80705;2,219829;1,426253;1,275668;-,065126;-,676634;1,211502;,660654
1;,614265;2,582938;1,370307;1,280666;,904287;,303175;2,803963;,634661
1;2,195401;3,022566;2,88183;1,296491;1,632905; ;1,704037;,650095
1;3,5722;3,969075;4,307647;1,302878;,805272;,984928;4,262423;,641575
2;2,9058;3,657161;2,259792;1,304568;2,250152;1,908373;2,136934;3,557951
2;,504778;,022869;,546199;1,32009;,095907;,209032;1,901562;-,244158
2;2,120414;3,08938;3,28023;1,324133;1,663589;1,053795;1,574621;1,035083
2;2,44656;2,954849;3,465526;1,336;1,852364;1,154199;2,101244;,553438
1;-,584389;,399654;,049998;1,36241;-,080351;,427805;-,312763;,737579
1;1,643202;-,645563;,0122;1,36418;,15838;2,177884;,559835;,76043
1;2,827449;2,264084;2,070884;1,380233;,747513;1,022035;2,515973;,502394
2;2,378083;2,279116;2,424997;1,404384;2,384557;,916006;1,65476;,925608
2;2,547658;2,102447;,920603;1,41094;1,950345;2,246495;2,048763;1,181074
1;2,96389;1,579092;1,497964;1,414105;1,194015;,180141;1,754788;1,24168
1;2,958183;2,864672;,376437;1,428679;1,585218;1,212393;1,736349;2,442316
2;3,625616;2,396014;3,666501;1,433078;,431806;1,014749;1,582419;1,330288
2;,917771;2,702075;1,990234;1,434106;1,097743;1,604282;,95037;,608234
2;2,173125;2,741841;2,029989;1,437263;,886419;-,824818;1,849948;,835752
2;,696804;1,93331;1,265276;1,443548;2,814411;,96528;,998336;1,75399
2;,85969;,484249;,391272;1,445861;,857942;,107736;,542918;1,617013
2;1,655009;2,881116;2,584052;1,446066;1,623542;2,117192;,949786;2,189939
1;2,518322;3,217329;3,040619;1,447218;2,054377;2,251138;1,766289;2,7953
2;,938077;1,14628;3,14208;1,450965;,324357;1,290179;2,551658;2,557489
1;2,060854;2,037736;1,466001;1,454066;,842586;2,260876;1,116211;,588575
2;2,044648;-,860904;-,144519;1,454724;-,045462;-,332496;,468337;2,416996
1;2,299827;1,677726;,831809;1,456169;1,082331;,671176;1,585906;1,648838
1;1,357738;,513167;-1,404539;1,479806;2,673126;1,423753;2,037788;1,151108
1;2,437849;2,297814;2,980325;1,483138;,644753;,311454;1,966446;,157267
2;1,8151;3,470284;3,013735;1,484389;1,919345;,09581;2,457705;1,120602
2;2,576603;-,263719;-,866807;1,484876;-,128159;,265622;1,135986;-,481219
2; ;,748936;1,640556;1,490454;1,220868;,213697;2,127161;1,273583
1;1,349586;3,816356;4,681205;1,496807;1,01045;,738803;4,192781;1,851443
1;2,040761;2,294252;3,97969;1,49757;2,553438;,704322;2,98771;1,253534
2;1,871618;2,121566;2,392896;1,518737;1,478594;,166655;2,532196;2,150197
1;1,012846;2,701396;2,414807;1,521774;2,466255;-,548582;4,654154;,354537
1;1,404035;,566329;1,190137;1,529016;1,865422;,780796;,50645;2,312189
1;,967099;,658772;,771042;1,536904;,725877;-1,264843;,632263;,985504
2;1,748807;1,75261;1,835067;1,541753;1,092338;1,563726;2,557859;2,804971
2;1,185461;1,726529;,944598;1,542241;1,205831;,87351;1,547311;,193072
1;,463238;,984368;,14277;1,546178;,477707; ;-1,044164;1,447325
2;1,389203;,34034;,586432;1,553341;2,546609;2,319217;1,128974;1,538841
2;3,911577;1,667711;2,605508;1,553479;1,239576;1,551639;,95785;1,099789
2;1,692421;1,635301;1,898608;1,554032;1,598135;1,508311;2,409854;,966538
1;3,488078;2,402805;2,554871;1,556259;,490267;,251951;2,041522;1,4258
1;2,583175;3,043194;2,31399;1,565428;,973739;1,827228;3,273335;2,052394
1;1,564222;,725573;,474587;1,568919;,855491;,194336;1,231523;,666639
1;2,700025;3,25543;3,380642;1,581102;1,286363;,871936;3,850967;2,414156
1;,76895;3,13378;2,292236;1,588865;1,442189;1,343427;1,832352;1,889257
1;2,583295;4,051391;3,625328;1,589661;2,920627;1,111955;3,210502;,924402
1;,447603;3,114607;2,402185;1,591793;2,602382;,808767;3,474434;2,606349
1;1,110364;1,492119;,926622;1,592802;1,208075;,67734;1,10672;2,169609
1;,799576;-,052353;-,267024;1,596511;,266885;1,205346;,655096;1,829409
1;2,200974;1,409444;,939948;1,599832;,002859;1,469816;1,1924;,636628
2;2,011807;3,077806;3,386269;1,606194;-,231948;,387994;2,83143;1,164799
2;3,53865;2,154281;1,307535;1,607011;1,383679;,054742;,734526;1,619602
1;1,670422;1,918061;3,501337;1,607193;1,775403;,689693;1,840753;1,93252
1;1,008065;1,696523;1,88616;1,6072;2,802452;1,782357;1,517106;2,825437
1;1,302122;1,545183;1,465189;1,616325;,657761;,049244;1,142057;1,221724
1;2,013376;3,908094;2,782114;1,630877;2,647064;1,677776;4,247769;3,709376
1;2,77191;4,645593;4,088273;1,63225;3,039363;1,377305;4,684766;3,54264
2;1,456777;2,42387;1,602224;1,63701;,085355;1,901858;2,005833;,374273
2;,921234;2,636731;1,56241;1,654453;1,832956;,297846;1,457301;3,173695
1;1,747363;2,304965;2,042862;1,665513;,709572;2,269455;,768764;1,925507
2;,98917;1,179928;1,156678;1,672663;1,539097;3,818512;1,48385;,622442
1;3,246622;3,139626;3,448652;1,673263;2,187889;,871973;2,570842;2,155407
2;1,369997;1,742095;3,327658;1,67387;,34347;1,053972;2,03518;1,184644
2;-,567979;,853267;,29546;1,676705;-,96216;1,902273;1,057934;-,066538
1;2,115591;2,274325;1,065975;1,692558;,979751;,931472;2,602716;1,516971
2;1,493197;1,515889;,607197;1,696777;,271514;1,547861;1,496132;3,251261
2;3,183164;,19328;1,76164;1,698834;3,15849;,71632;1,651377;1,57014
1;1,834833;1,720576;3,785847;1,705323;1,000096;,930453;2,074422;2,960723
2;2,910505;2,449932;2,047057;1,710095;1,262751;,35466;1,602865;,708346
1;2,15394;1,579792;2,243261;1,715063;2,278061;3,384431;1,987449;1,704385
1;,646172;,016459;-,069313;1,725282;1,433255;,569835;,427065;,899666
2;1,963139;2,302538;1,110192;1,737317;1,384495;,25415;,937194;2,286739
2;-,00683;2,602164;1,636067;1,760101;,122692;-1,851562;2,53457;,525822
1;1,387629;1,77789;2,335884;1,761729;2,080873;-,760451;2,333278;1,969579
2;2,268836;1,319047;1,169837;1,761758;1,731936;,019514;,728735;2,362569
2;2,656696;,402379;,194328;1,762725;,686114;,13261;1,576113;1,14415
1;,26969;1,833193;2,30259;1,76623;2,934743;,057972;2,707767;2,496439
2;3,238747;4,47149; ;1,781757;1,863624;1,723676;2,988122;3,550855
1;2,586568;2,099758;,654529;1,790835;1,109979;,157219;2,262769;3,64699
1;1,069229;2,359746;1,974177;1,797679;,276752;2,072384;1,701083;,191454
2;3,012696;1,8443;,906725;1,808686;1,991532;,412243;2,058848;2,205549
1;1,982275;3,787677;3,051022;1,810454;1,001974;1,68114;1,805759;2,509723
1;1,163789;-,178595;1,515889;1,814217;,768549;,212112;2,008492;,705139
2;2,435671;2,656091;2,188005;1,819143;2,594227;-,241004;2,234719;2,665674
2;,460193;,034631;-,070749;1,825666;1,462344;-,640207;,537258;,905782
2;3,91387;3,366087;3,561883;1,836358;1,880816;,154798;3,31824;3,107333
1;2,156153;,804369;1,679388;1,838177;1,644865;-,518191;1,83827;1,098877
2;,905501;1,906396;2,784378;1,84176;,648879;,060075;2,417671;1,410457
2;1,67392;4,580648;3,962743;1,851579;1,963743;2,448972;3,960121;-,130776
1;2,030866;1,105472;,818776;1,867711;1,261215;-2,783324;,756116;,82778
1;3,045546;2,070818;3,138862;1,869474;1,41807;1,469801;2,662019;2,597541
1;2,069853;4,788271;4,026695;1,881335;1,192307;2,995144;4,035223;3,537652
1;1,614872;2,964886;2,677365;1,893249;,44699;1,390068;1,764924;1,117564
1;1,120708;1,673102;,676433;1,896263;1,57496;1,361967;1,774212;1,487801
2;1,271061;-1,677288;-,117939;1,896938;1,688336;-,300074;1,83754;2,259156
1;1,595621;,786344;,09395;1,901298;2,192495;-,539859;1,045384;1,356172
1;2,824792;4,500424;3,348784;1,906153;1,292634;2,532395;3,761122;3,715691
1;1,11929;4,113382;3,263283;1,909893;2,406719;1,200653;2,165781;3,303947
1;2,410619;,083059;2,227605;1,910237;2,439154;-,62921;1,693789;2,175413
2;3,004325;,881719;,577839;1,911379;2,134245;-,936727;,31599;2,887544
2; ;2,731615;1,898419;1,914595;1,775108;-1,005075;1,310131;1,720551
1;3,505479;4,047158;1,150712;1,920804;,951455;,750528;2,457001;2,135725
1;2,853207;1,537271;3,438415;1,924777;1,784157;1,034183;3,904693;,79903
1;3,748031;4,353207;3,16717;1,93641;1,6651;1,309923;4,31829;1,472709
1;2,395544;2,070793;,470622;1,93678;1,298169;,998277;1,886386;1,76595
1;3,765881;3,535041;4,068999;1,939106;2,961218;3,112465;3,501308;,67187
2;2,805064;4,124809;4,296572;1,942323;3,525767;3,183219;2,538014;4,221697
1;2,59423;3,133522;2,732045;1,943891;2,503794;1,852808;4,494159;2,093785
1;3,489461; ;4,097698;1,945738;3,29094;,775851;3,4685;1,737443
2;2,236243;3,622947;3,258883;1,946881;1,570147;1,883985;2,617337;2,21964
2;3,393952;1,770161;1,61621;1,950843;1,034626;1,514638;1,961591;1,373472
2;1,501384;2,614288;1,322079;1,956186;2,096856; ;3,075031;2,590282
1;,34433;1,536204;1,884145;1,960145;1,126402;1,323847;1,359693;,686042
1;3,415177;2,471833;4,612547;1,961275;1,811085;,037062;2,127543;1,887105
1;1,498023;2,723629;1,921756;1,972123;2,081971;-,008547;2,586074;2,710781
1;1,948096;1,08867;2,516825;1,985743;2,337144;,787582;1,757043;1,321705
1;2,245603;1,471028;1,128837;1,994331;1,568986;,935829;,808637;1,532755
2;,679424;2,759363;,881167;1,99599;2,79177;1,480653;2,908007;,517059
2;1,611633;3,397733;3,628266;2,00413;3,775258;2,898206;2,792354;2,552748
1;1,95508;1,05502;1,540011;2,006846;1,12078;,34298;1,081112;2,618173
1;2,108007;1,922115;,126394;2,026551;1,782831;1,804137;-,24431;2,400338
2;2,738634;,760295;2,324081;2,032155;1,751821;1,610959;1,895426;1,902686
2;1,658538;1,640487;1,960367;2,034606;1,958656;2,612075;1,501061;,798042
1;1,468994;1,039243;1,379495;2,042893;,958226;1,811175;,939099;1,302428
2;2,390918;1,775816;2,270737;2,079354;2,274596;-2,033551;1,886164;,763185
2;1,472309;1,84639;1,571379;2,097526;3,204611;2,204502;2,217309;,852371
1;2,118134;2,553815;2,583229;2,107391;1,744151;1,322973;1,948749;2,024662
1;,963875;2,489245;1,94918;2,109129;2,490664;-,126415;2,879653;1,165092
2;2,551052;1,848741;1,867934;2,121361;,947505;2,241313;3,070222;3,460257
1;2,114136;2,823555;4,57077;2,124978;3,323586;2,522533;4,823043;1,915231
2;1,168499;4,597593;3,298376;2,132485;1,569109;2,495592;3,212592;3,004208
2;3,246797;3,07097;2,641724;2,132767;,836492;-,568407;2,735522;1,693879
2;,712635;4,230962;3,861606;2,133294;2,356729;3,891596;2,159745;3,446276
2;1,60796;-,109688;1,936804;2,133695;,216316;,434004;1,51608;1,073955
2;2,278402;3,30446;3,645866;2,134022;2,993968;-,387703;2,463719;2,415339
2;1,786641;3,052252;3,078231;2,134153; ;,203908;2,566829;3,190069
1;3,303113;2,167894;2,431325;2,140432;2,13415;,178975;1,635859;3,420076
1;2,465766;2,765605;2,271477;2,143816;2,258381;1,392752;3,507836;1,959499
2;2,810962;1,796545;2,475979;2,156069;,386171;2,619112;2,449573;1,979828
1;1,423966;1,473837;1,237544;2,159173;,268469;1,943163;1,18622;1,602153
1;2,115583;2,129537;2,262193;2,16656;1,406806;-,84626;2,445506;1,922511
2;3,81637;3,769871;3,805142;2,167774; ;-,564257;3,087354;3,428587
1;1,201453;,305826;2,818923;2,173865;1,753221;1,087239;2,381198;1,376916
1;2,191875;2,266596;2,883952;2,184567;2,326223;2,025477;2,447708;2,380802
1;1,707114;-1,041167;-,356543;2,187893;,928513;1,286087;,127523;,263717
1;1,390393;1,619526;1,099308;2,189323;3,570078;1,122866;2,340142;2,297332
1;1,578748;4,235889;3,989989;2,193993;3,182346;,486359;4,214025;3,388283
2; ;2,231401;3,298235;2,198593;1,45514;-,202208;2,364207;1,86859
1;2,736516;1,745664;3,946597;2,21142;2,420929;-,089238;2,638892;2,946955
1;1,691935;-,074818;-,058331;2,217723;,661315;1,224942;1,301541;1,623939
2;2,890247;1,663092;2,900293;2,224223;1,899977;1,734161;3,450414;1,981456
1;1,694317;,330032;,855574;2,230203;1,204892;2,012107;2,350247;1,171323
1;2,448484;2,061708;1,465188;2,232295; ;,170452;3,334508;4,564413
2;2,172918; ;4,962438;2,240109;3,611628;1,838234;4,487114;3,614537
2; ;4,984868;4,004554;2,256787;1,346001;2,963801;2,196973;1,775874
1;2,183248;1,982263;2,49953;2,264839;3,182894;3,44937;2,811325;2,029519
2;-,38897;-,521628;-1,479324;2,271408;1,752812;,830686;,744898;1,825475
2;3,196166;2,034418;2,081851;2,272436;2,272237;1,362557;,874184;2,591694
1;1,456172;2,914782;2,615401;2,279881;,157047;2,31238;2,348607;1,595816
2;2,049869;3,54639;4,025573;2,283482;2,602876;2,04596;3,419149;2,240436
1;1,637708;-,333838;-,370328;2,286293;,84791;1,056912;,772857;1,467275
1;2,357834;3,793906;3,491874;2,293477; ;1,686433;4,081926;4,065261
2;,639039;3,536001;2,769497;2,302882;2,331646;2,093654;1,94612;3,004752
2; ;4,389667;4,104839;2,310042;2,108493;,204601;1,874937;3,165405
2;2,689557; ; ;2,314218;2,889939;1,644562;3,861572;3,598601
2;2,434107;3,995817;4,13937;2,323291;1,74364;1,117551;1,440812;1,750047
2;1,099206;2,330181;2,39603;2,32924;1,702496;3,063471;,278859;1,263496
2;2,724043;,770561;2,633149;2,337162;2,354453;3,355258;2,106106;3,014237
2;-,114393;2,83158;3,988224;2,34567;2,200622;1,609508;2,639024;1,154054
2;2,324414;4,374485;3,501308;2,348586;2,609346; ;2,299347;3,853017
1;2,209087;2,414103;2,201679;2,349566;1,884595;-,622592;3,315569;3,964732
2;3,340348;2,761328;3,005067;2,358878;2,638213;-,643065;3,380586;1,219428
1;1,988108;3,733697;3,086211;2,361779;2,831253;,873752;2,560451;2,751315
2;2,085736;1,788964;1,38149;2,362768;1,9121;-,570923;,74393;2,471347
2;2,370205;2,363689;1,0953;2,367864;1,900902;-1,414503;1,32182;1,775823
2;3,60554;4,042074;3,363582;2,387127;3,116243;,819517;3,186913;2,265925
2;1,537945;1,54989;2,552416;2,393818;3,265123;,737674;1,500935;2,126716
1;2,951462;1,959441;1,259513;2,398763;2,081598;,185891;2,770785;2,48496
2;2,496063;2,223016;2,644744;2,405635;,866197;,744441;3,200601;2,024515
1;2,65834;3,004453;3,015542;2,430756; ;2,412707;3,067631;3,72165
1; ;2,457622;2,464598;2,457083; ;-,317082;2,874391;3,453128
1;,71843;,7935;2,139534;2,457426;3,173997;2,259525;1,490466;2,908213
1;3,330892;3,690449;3,998371;2,462872;2,687973;3,151951;3,552618;2,225908
2;1,893845;2,131737;2,055746;2,466426;3,373462;-,259954;2,910041;3,462417
1;2,65381;2,70051;1,46859;2,483353;2,203984;2,795553;2,445261;3,180756
2;2,109144;3,557618;1,605173;2,485093; ;-,193608;2,797305;3,02533
2;2,159111;4,199276;4,423701;2,486116;,582137;,503367;1,307821;1,559855
2;2,238923;3,39209;1,288099;2,492116;2,954648;2,237326;2,460501;2,456435
1;2,602292;,806332;,874045;2,492394;1,243337;-,764134;1,684796;1,755092
2;3,209122;3,070969;2,430991;2,492602;2,948374;2,187772;2,255219;2,780345
2;2,432047;2,307617;2,946854;2,500453;1,947853;,899875;2,444593;2,876599
1;1,519736;2,291923;2,924407;2,505621;3,895928;3,155809;3,00102;3,111687
2;1,034919;2,807395;2,369346;2,508827;1,286954;1,057453;1,89755;2,196477
2;1,989049;3,771867;3,007553;2,509829;3,432894;3,087862;,88885;1,664175
1;1,694232;1,967182;2,371889;2,514594;1,664731;,52034;2,842901;2,027965
2;2,955651;2,305581;3,314514;2,520777;1,973218;2,642773;1,95881;1,919909
2;1,301848;2,034368;2,939573;2,526497;3,456743;,823189;2,57723;2,319652
1;1,681872;3,773567;1,877356;2,562767;2,067408;,471823;2,236279;2,912905
2;1,506895;3,458064;2,51209;2,564604;3,564685;1,026666;3,682235;3,476533
1;2,590929;,390049;2,071734;2,580051;1,259234;-,566097;-,376261;2,762165
2;2,536917;2,554259;1,411145;2,584654;1,604864;,185489;1,971725;,984171
2;,741547;,591382;2,101378;2,590705;2,2879;1,32682;,19512;1,720871
1;,876217;1,610641;2,490747;2,594092;3,045573;,174051;2,048464;4,195801
2;1,255535;1,319138;,82302;2,59436;2,578024;1,361739;1,845675;1,228181
2;1,697045;4,043638;3,914663;2,612366;3,875225;3,842058; ;2,043169
1;3,121324;,263197;2,543351;2,615727;1,12243;,731698;2,329262;1,240697
2;,803071;1,7148;1,348824;2,621085;2,686497;,987755;,858118;1,06264
2;2,288896;2,019755;3,132706;2,621922;2,756464;1,034599;1,43974;2,914552
2;1,196078;3,755244;2,207072;2,626055;3,240847;1,94986;1,667877;1,037496
2;1,00232;,45694;,597651;2,640434;1,068188;,14307;1,154902;2,387838
1;1,240566;1,514382;1,800229;2,641038;1,585066;1,224126;1,54644;,408278
1;2,707643;4,438901;2,665944;2,663061;2,982469;1,925103;2,365161;3,065839
1;2,217574;,575875;-,373518;2,66383;,75649;-,352715;,459897;2,406266
2;1,443932;4,231683;3,294082;2,665076;2,37897;3,512513;2,548615;2,775313
1;1,644072;3,154921;1,682858;2,681502;2,376833;1,082224;1,59295;2,852285
2;1,976509;2,875564;3,177933;2,683718;2,548678;3,731387;2,160811;3,671889
1;1,533166;1,936926;2,172164;2,683894;3,329619;,985154;2,772838;3,273862
1;1,712839;1,93679;1,711246;2,687844;2,690268;2,487649;2,555672;1,978801
1;1,550854;2,611484;1,288528;2,690221;2,140904;2,731128;3,157878;4,737624
2;2,069442;4,05103;3,409151;2,69078;3,083382;3,530837;1,3178;1,35383
1;3,223894;2,625143;3,863088;2,699206;1,933569;1,694548;3,568878;1,806926
2;1,280916;1,976672;2,92842;2,703848;1,95145;1,793698;1,724053;3,09687
1;2,587534;2,721766;2,511997;2,713028;3,366395;2,358672;2,48544;2,753705
1; ;3,836198;1,998585;2,71325;3,207498;2,408304;3,529716;3,016888
2;3,440433;4,43575;4,838848;2,742609;2,004708;3,108378;1,931517;2,684479
1;2,741356;2,77661;2,847367;2,751251;3,315401;2,266441;3,796856;3,926996
1;2,160639;3,176402;4,709791;2,756779;3,779709;1,571518;2,298449;2,258597
1;1,386591;1,740077;2,336252;2,762353;2,123736;,313334;,927011;3,683873
2;,814835;,01569;-,311253;2,763261; ;1,730236;1,052662;2,85201
1;2,766313;3,805849;3,958167;2,763316;3,074652;1,532812; ;2,824323
1;1,152036;1,359515;2,527115;2,766296;3,212283;1,318613;1,07663;2,770243
2;2,068505;3,14738;4,27044;2,777115;2,422244;1,489685;3,102219;1,699477
2;1,610943;3,55894;3,316178;2,785727;2,684909;3,431746;1,304979;2,781543
2;1,546835;2,72771;4,395271;2,792557;3,797382;1,218829;3,601138;3,671469
1;2,416274;3,117402;2,872536;2,796049; ;2,635124;3,10411;4,402088
2;3,02744;4,566308;4,296207;2,803235; ;1,675494;3,542543;3,51482
1;1,99014;4,838749;4,164308;2,830605;2,802829;3,39808;2,335548;2,718174
1;2,314433;3,086093;,638001;2,831907;2,854167;1,694137;,913943;2,810434
1;2,688448;3,357385;2,581141;2,836644;2,987883;1,373956;2,73666;3,275291
1;1,850325;4,869758;4,942296;2,843452;3,141511;1,343495; ;4,870163
1;,044645;,405575;,33724;2,843862;3,05371;,45279;,550067;1,688749
2;2,25384;3,523845;3,833395;2,855526;2,800363;1,15752;3,446329;1,275412
1;2,933878;3,22723;2,204496;2,860397;3,719059;1,541356;3,781216;3,306501
1;2,206325;1,029174;2,122088;2,865884;1,744271;,784659;1,550919;1,699514
2;1,707808; ;2,463805;2,873477;2,726583;2,354204;3,228887;2,492398
2;1,387068;3,125256;1,809657;2,888651;,920889;,786983;2,309094;2,270858
1;1,78537;1,083819;1,604393;2,930404;2,593575;2,829528;3,060469;1,363906
2;1,037105;2,976482;2,881956;2,941169;2,905957;2,624738;3,66033; 
1;1,102311;4,778353;3,643909;2,951029;3,95122;1,24742;4,631272;2,73502
1;2,374524;2,317919;2,319061;2,96013;3,433301;-,145892;1,503167;3,819518
2;3,037634;2,17798;3,085378;2,985477;2,429508;-,273809;3,140351;2,643503
1;2,651527;4,251182;4,40467;2,995357;2,757855;,955055;4,90727;3,584719
1;3,80118;3,457648;2,347703;2,996419;3,84926;2,116547;1,974085;3,045521
1;3,171433;2,776927; ;3,015317;3,849764;3,242721; ;2,347992
2;2,100958;2,297257;3,558003;3,03161;3,771993;,293407;3,563354;2,722683
1;2,071383;2,246376;4,049954;3,035154;2,086606;,928772;3,988298;2,594105
2;3,293105;4,138529;3,355606;3,044329;3,225085;-,951944;3,517291;2,887566
2;1,24127;1,58494;1,584992;3,04714; ;3,350281;2,375236;3,209832
2;3,194068;3,848907;3,617421;3,061;2,798673;1,270565;,967738;1,605411
2;2,966149;1,846869;2,360794;3,087617;1,620566;1,437478;1,60907;2,022226
2;,915737;3,375116;1,75415;3,095193;3,437519;2,714445;1,860212;2,959063
1;3,74163; ;3,915858;3,097426;3,732799;2,906466;4,130443;3,420151
2;2,365287;3,051051;3,566625;3,105094;2,006294;2,693914;3,022296;1,004848
1;2,827536;3,047817;3,629689;3,108816;3,291135;2,402294;3,458208;4,093257
1;1,555422;3,555733;4,621399;3,109694;2,775417;1,502991;3,499134;2,447813
1;3,244234; ; ;3,125261;2,489649;,685577; ;3,14326
1;1,327654;2,92913;2,850891;3,136071;3,765413;1,062346;4,203442;3,152471
1;1,343146;1,671084;1,863698;3,152082;2,623736;1,488791;1,976467;2,254257
1;2,739515;3,580249;2,757794;3,155032;2,65971;1,818636;1,798381;1,61851
2;,101371;2,046449;1,550025;3,169074;2,722578;,986165;4,097896;2,641612
1;1,049989;4,449599; ;3,177768;1,424191;3,031073;4,452358;2,124364
2;3,212982;2,380774;3,546021;3,187191;1,59851;,70856;2,653424;3,391193
1;,756253;2,17811;2,806614;3,196656; ; ;1,973261;2,69328
2;1,63006;1,686518;1,284804;3,205165;1,768256;1,188702;1,906354;1,699554
2;1,97857;1,288381;,850799;3,212339;2,142082;,913782;2,328507;3,728682
1;,181026;2,436354;3,083261;3,215441;3,191365;3,701727;2,269124;3,755419
1;2,252071;3,186128;3,609605;3,217896;3,805221;1,890526;1,95025;3,722008
1;1,806678;2,939745;2,585162;3,221683;2,236532;,636593;1,435419;3,074971
1;3,094658; ;4,236129;3,224072;3,758116;1,388374; ;3,491952
1;3,658094;4,70863;4,905064;3,224186;2,317996;1,465284;4,906047;3,268495
1;1,549545;3,032391;4,83174;3,225799;2,173972;,238156;3,471474;4,20942
2;2,341631;1,857176;2,19729;3,232654; ;,135225;2,130197;3,541854
2;2,843742;,850471;2,492522;3,237027; ;1,715933;2,624545;4,332309
2; ;2,514682;2,832412;3,270752;2,259618;-,496788;1,615652;3,051251
1;2,078593;1,717586;2,334324;3,278663;3,892717;2,158655;3,760534;4,599465
2;,989349;1,496114;1,976319;3,27923;3,079581;2,947014;1,560403;4,430072
1;3,593157; ; ;3,287748;3,172965;2,16544; ; 
1;2,268697; ; ;3,303155;3,836805; ; ;3,5316
1;1,907298;2,26357;2,078211;3,332929;3,950033;,059072;2,050727;3,013963
2;3,395695;4,844903;4,757369;3,33462;2,736162;3,421212;3,353782;3,962824
1;2,085487;4,976619;4,734485;3,34166;3,511694;3,112045;3,735402;4,231193
1;1,555542;1,910238;3,138694;3,344291;3,614534;3,411865;3,425769;4,023852
1;3,149143;3,543953;3,343282;3,349333; ;2,864057;3,315587;4,82719
2;3,367576;4,957281;3,794489;3,359056;2,057852;1,107154;1,999075;1,016222
2;2,884275; ;4,769864;3,363252;2,425584;2,808275;4,283118;2,879618
2;2,385668;3,877563;3,444386;3,379893;2,208211;2,938765;1,794431;,614573
1;1,259562;2,828435;2,769942;3,387229;2,665185;,542743;2,453953;4,714032
1;2,433978;3,865218; ;3,393505;2,216014;2,432641;4,847446;2,610766
1;3,464496;1,160036;1,40409;3,400741;1,848541;1,762886;,443191;1,580222
2;1,740163;3,292476;1,926418;3,401799;1,59283;1,510089;2,749369;2,913925
2;1,790385;3,026918;1,570084;3,406671; ;1,880248;1,959496;4,222744
2;2,598056;4,258528;4,794898;3,428233; ;2,22731;3,412889;3,666479
2;3,411202;4,375159;3,305879;3,43049;2,309098;1,206592;3,15055;2,083612
1;2,4505; ;3,215956;3,430966;3,432397;2,059947; ; 
2;1,016771;2,044624;1,840664;3,435091;2,014052;1,863012;2,13664;1,890298
2;1,431288;1,562355;1,653656;3,436635;3,038192;2,981377;2,73327;1,493685
1;3,198587;3,765533; ;3,43934;3,953451;1,060078;4,270935;3,432806
1;2,383651;3,792184;4,010843;3,441636;3,947763;2,088058;3,992795;1,673676
1;2,315916;4,089048;4,942643;3,457556;2,698156;2,346125;3,981318;2,056372
1;3,410301;3,380876;3,514982;3,457647;2,536094;2,160377;3,257189;2,722197
1;2,339204;4,215992;2,771338;3,463033;3,862969;3,354746;3,009119;2,812383
2;2,421922;3,716793;3,416243;3,475558;2,619508;1,387055;1,231307;3,31231
2;-,095826;,035241;2,194248;3,492927;2,288187;3,080911;2,277825;4,276604
2;1,42045;3,641635;4,125592;3,494845;1,809005;2,722928;2,307284;1,695735
2;2,686701;3,054737;1,674446;3,503431;3,085974;2,800524;1,717475;4,136296
2;2,185789;2,107456;3,041451;3,515137;2,887013;1,686728;3,196558;2,705593
2;2,507225;3,9318;2,413916;3,51555;3,184627;3,199163;3,318948;1,656548
1;1,360472;4,013493;2,689358;3,515882;3,100894;2,595445;3,94116;3,69561
1;2,646197; ;3,679837;3,519344;2,089826;1,787224; ;2,4701
1;3,082992;3,909596;3,862399;3,519437;2,195196;1,887596;3,953931;4,134482
2;-,018004;3,257967;3,497611;3,519852;2,829829;2,267381;1,173795;2,399094
1;1,908511;1,188499;2,384132;3,523396;2,480183;1,545623;2,507979;2,898924
1;2,708258;3,58576;3,715076;3,527821;3,119357;2,863926;3,521513;3,417555
1;3,305085;3,900435;3,241042;3,538326;2,938829;1,518992;4,571618;3,219755
1;2,619654;2,791706;3,063401;3,541987;2,532931;,521621;4,153595;1,080631
1;2,756247;3,557725;3,95859;3,552824;2,596508;1,971811;3,331809;3,183091
1;1,698135;1,487216;1,347569;3,553063;2,688753;1,269822;2,187399;1,287669
1;3,616012;3,658102;3,236;3,569072;3,919972;3,464344;2,509888;2,776933
1;1,30401;3,270773;1,214852;3,579115;3,712834;1,70637;3,013651;4,790688
2;1,456456;1,434378;2,319248;3,58192;1,625436;-,147168;,562975;3,034315
2;1,972523;3,577742;2,327633;3,588093; ;,09979;2,048428;3,785077
2;,282362;3,608655;3,273661;3,588221; ;2,895582;2,770188; 
2;3,631813;4,709024;3,308549;3,589173;3,086928;3,343245;3,800278;2,987423
1;2,115487;4,112812; ;3,600401;3,243405;1,604961; ;3,33283
2;2,737412;3,0092;2,239045;3,60383;3,528633;2,1845;2,763163;3,112119
1;1,499574;3,252982;3,013747;3,606836;3,61159;1,080186;2,812219; 
2;2,946097;3,346461;3,235827;3,608579; ;1,008844;2,958215;2,629582
1;1,111756;2,612485;3,660086;3,611522;3,597364;3,689622;2,641202;4,449886
2; ;2,598079;1,897565;3,617992;2,017417;1,757947;2,807819;1,483419
2;2,685633;3,692008;3,969604;3,620181; ;3,566677;1,619001;3,891146
1;2,674389;3,272364;4,707879;3,63386; ;1,98437; ;4,071169
2;2,544105;1,931259;,963491;3,635616;3,258564;,296774;2,486821;4,021157
2;2,767237;3,426017;4,290265;3,659293;3,680553;2,857586;1,909417;4,542249
2;3,668237;3,541417;3,406176;3,661162;3,287226;,456548;2,631347;3,200596
1;3,39868; ; ;3,663264; ;1,811795; ; 
2;1,487596;3,242679;3,176893;3,688599;3,321837;2,82841;2,343984;4,226835
1;3,314644;4,264017;3,877551;3,693702; ;2,894314;4,071076;3,761769
1; ;4,560806; ;3,700307;3,719959;,269263; ; 
1;,256089;2,042641;2,393074;3,702475;2,891408;2,638213;3,404532;2,988797
2;2,051074; ;4,362553;3,710227;3,927207;3,149017; ;3,064988
2;1,62926;2,016442;2,223732;3,722831;1,633106;,891759;2,08435;1,766863
2;2,598919;3,799681;3,519959;3,723333; ;1,790285;3,462053;3,375468
2;,012417;,917211;,842527;3,732454;1,369459;2,198185;1,098466;2,200457
1;1,094269;3,562025;4,181736;3,732712;1,649702;,854568;2,940561;3,975789
1; ;3,913586;4,699712;3,746867; ;2,174848;4,218358;4,022919
1;2,71242;1,688452;1,278843;3,747273;3,041126;,953087;1,924116;2,698768
1;1,31745;1,278422;1,476967;3,74999;2,59325;2,13843;1,995745;2,804806
1;2,536051;2,285338;2,110439;3,750569;2,486158;1,991667;1,656279;2,511161
2;2,07261;3,730335; ;3,751924;2,751893;1,992636;2,727757;1,762486
2;,761726;2,659929;2,561722;3,755304;3,5328;1,906044;1,676038;3,559829
1;2,304618;3,388396;4,155977;3,75823; ;1,680185;3,791283; 
1; ;2,340752;4,375416;3,772491; ;2,225424;4,93784;3,155729
1;1,594933;3,855962;4,697831;3,77403;2,014077;1,938089;2,699126;1,910554
2;2,318194;1,594639;2,560051;3,776393; ;2,679682;2,320187; 
1;1,700973;3,133574;3,28847;3,785423;2,120093;1,953625;3,798855;4,330469
1; ;4,767772; ;3,807772;3,721538;3,138713; ;3,536553
2;1,195717;2,527151;1,89649;3,815143;3,346192;2,109602;3,028305;3,024294
1;1,037083; ; ;3,827642;1,917839;1,638178;4,137722;4,882305
1;2,54482;4,121857;3,019903;3,837446; ;2,871102;4,812153;3,14005
2;2,04585;1,848245;3,54747;3,840428;3,680778;1,612687;3,852471;3,710454
1;2,38568;4,431766;4,747294;3,855572;2,852633;,199403; ;4,261106
1;1,903944;3,434813;4,465873;3,865322; ; ; ;3,989538
2;2,320094; ;4,9489;3,890182; ; ;3,820882;4,103789
2;1,019437;4,310892;4,426575;3,895125;2,338778;3,878747;3,292828;3,274582
2; ; ;4,532;3,920509;3,641296;2,173046;2,833844;4,344821
2;2,004424;3,469284;4,09949;3,928405; ;2,532079;2,45563;4,428096
2;1,702151;1,644419;,599685;3,951956;2,413558;,602538;2,035044;2,674676
2;2,614482;3,800749;4,666684;3,969471;3,78087;1,340927;2,009962;4,029544
1;3,908113;4,18865;2,725112;3,975355; ;1,04331;3,512473;4,540723
1;1,297001;4,345245;2,625197;3,977598;3,93356;1,67659;2,797443; 
1;2,966705; ;4,002227;4,021893; ;,100782;4,395525; 
1;1,481001;3,230275;2,033763;4,022945;3,447547;2,379223;3,145428;2,54338
2;2,819953;1,749665;3,365723;4,052063; ;2,188587;3,680087; 
1;3,405223;2,604671;3,222148;4,059962;2,727943;2,472511;3,321593;2,152365
1;1,926622;1,389386;2,673755;4,122246; ;2,603562;1,699157;2,148272
1;3,648857; ;4,905435;4,147808; ;3,135475;3,920207;3,690655
1;2,904333;4,252564;3,655174;4,170352;3,156095;1,076018;4,482769; 
2; ; ; ;4,170658; ;1,040186;2,649067;4,233933
2;2,813974;4,961709;2,96464;4,173763; ;,143474;2,504991; 
1;2,151556;4,037095;3,409344;4,188142;3,084512;3,203802;2,45334;3,562915
1;3,293007; ; ;4,197431; ;3,231942;4,475919;3,255903
2;2,684164;4,90281; ;4,207861; ; ;4,346395;4,65716
2;3,220589;3,190124;2,429707;4,220224; ;,361221;2,238236;4,781058
2;1,827605;2,711173;3,769427;4,268466;3,826793;,734585;3,168116;2,394356
1;3,078089;3,390522;3,671208;4,274618; ;1,460002;3,433163; 
2;3,143386;3,221196;3,630203;4,282585;3,742226;1,37705;2,318456;3,863779
1;2,572567;2,756268;2,824696;4,28968;1,89421;2,034622;2,661302;3,074861
1;2,945195;4,411526;4,444137;4,297786; ;,823243;4,983905; 
2;,77762;1,750728;2,149282;4,307054;1,769709;2,440773;1,108554;2,547553
1;,715662;3,916947;3,693332;4,310858; ;1,880676;2,861714;3,999276
2;2,256581;3,745266;4,310188;4,314843; ;2,870619;2,506373;3,530646
2;3,169584;2,173884;2,520473;4,343909;3,630953;-,318687;2,427918;3,498431
1;3,068367; ;4,73741;4,351868; ;2,843668;4,938167;4,487906
2;1,662531;3,440038;2,575878;4,353282; ;,80264;2,429727; 
2;3,395341; ; ;4,361303;3,323834;1,009964;3,887938;2,59861
2;2,563156;4,821522; ;4,39856; ;2,882902;3,610794;4,328936
2;,886589;3,064152;3,039188;4,407305;2,976063;3,67802;2,405225;3,979056
2;3,802153; ; ;4,441417; ;3,392428;3,28268;2,660026
1;2,752583;4,324723;4,338632;4,451469; ;3,283651;4,297582;3,151828
2;1,041573;2,666223; ;4,453567; ;3,304935;3,676508;4,200099
1;1,502122;3,017789;3,941167;4,473763; ;1,997039;1,962545;4,550294
2;1,544817;1,730501;2,326964;4,477061;2,825766;2,426241;2,504207;2,295979
1;2,441517;3,305599;4,02759;4,488098; ;3,56575;3,414709;4,024999
2;,46175;2,175536; ;4,495881;3,427855;2,622824;2,873485;2,336805
1;1,743708;4,593109; ;4,525168;3,850568;2,337087;3,658844;3,850467
2;3,677298;3,973401; ;4,534789;2,273307;2,300357;1,723808;2,796071
2;1,721484;4,372163;4,440998;4,538006; ;3,444397;2,215255;3,906027
2;1,839906;2,638058;3,657158;4,54448; ;1,653038;2,497205;4,270892
1;1,104764;2,524609;2,657427;4,569929;2,637853;1,999077;3,372396;4,323873
2;1,121157;4,358214;4,853114;4,589531;3,775731;1,502046;2,836083;4,040608
1;,984161;3,970605;3,643677;4,607304; ;2,5962;3,814902; 
2;2,345282;2,974589;1,612343;4,614651;2,038246;,163212;1,976077;4,498782
1;,845019;1,047814;1,204936;4,64405;3,262481;1,758287;,979233;3,166704
1; ; ; ;4,664114; ;2,137668; ; 
1;3,798305;4,457411;4,65335;4,741908;2,357716;1,58917;3,933397;3,68501
2; ;3,766772;3,15819;4,74652; ;2,912738;3,309085;3,913501
2;2,531344;4,790106;4,378059;4,764813; ;2,815967;2,470301;2,798449
1;2,257318;3,631997;4,178978;4,77053; ;3,531836;3,852706; 
2;3,539729;4,473811;4,449736;4,80814; ;2,184127;3,960352; 
1;3,02317;4,638232; ;4,809953; ;2,914234;4,876042; 
2;3,563147; ;4,771173;4,816629;2,957173;2,479659;3,548863;4,560894
1;2,850105; ; ;4,885681; ;3,539493; ;4,442989
2;1,778714;2,302981;2,993577;4,887552;3,788466;2,02089;2,885858;4,067935
2;3,88739;4,911382;4,867852;4,912551; ;3,030941;2,640109; 
2;2,813633; ;4,377062;4,949908; ; ;3,521308; 
2;3,244491; ; ;4,972456;3,753047;2,791756;4,419939; 
2;3,540003; ; ;4,981515; ;1,621813;4,535622;3,231972
